ImageID,Latitude,Longitude,Elevation,Neighborhood,Date,OpenAI Score,Walkability Rating,Tags,Description
image_24,47.5990523,-122.3277698,14,International District,2023-02-01,8,Very walkable,"Marked crosswalks, traffic signals present, public transportation nearby, wide sidewalks, urban setting with amenities, some pedestrians, flat terrain","Marked crosswalks, traffic signals present, public transportation nearby, wide sidewalks, urban setting with amenities, some pedestrians, flat terrain. Very walkable. 8/10."
image_3505,47.6008296,-122.3330391,16,Pioneer Square,2023-02-01,10,Extremely walkable,"Wide, paved pathway, numerous trees for shade, decorative street lighting, pedestrian-friendly environment, visible seating areas, low traffic, active pedestrian presence, vibrant atmosphere","Wide, paved pathway, numerous trees for shade, decorative street lighting, pedestrian-friendly environment, visible seating areas, low traffic, active pedestrian presence, vibrant atmosphere. Extremely walkable. 10/10."
image_90,47.6057508,-122.3217182,104,Yesler Terrace,2023-02-01,6,Moderately walkable,"Traffic signals present, marked crosswalks visible, some pedestrians, flat terrain, urban environment with nearby buildings, a bit of congestion","Traffic signals present, marked crosswalks visible, some pedestrians, flat terrain, urban environment with nearby buildings, a bit of congestion. Moderately walkable. 6/10."
image_101,47.6009749,-122.319534,72,Yesler Terrace,2023-02-01,5,Moderately walkable,"Wide, paved sidewalks, some greenery, parking area visible, urban setting, no visible pedestrians, nearby construction","Wide, paved sidewalks, some greenery, parking area visible, urban setting, no visible pedestrians, nearby construction. Moderately walkable. 5/10."
image_102,47.5991992,-122.3217917,39,International District,2023-02-01,4,Slightly walkable,"Narrow pedestrian space, urban underpass, nearby traffic, some signage, graffiti present, limited aesthetic appeal, no visible amenities or obstacles","Narrow pedestrian space, urban underpass, nearby traffic, some signage, graffiti present, limited aesthetic appeal, no visible amenities or obstacles. Slightly walkable. 4/10."
image_694,47.6001431,-122.3305256,10,Pioneer Square,2023-02-01,6,Moderately walkable,"Marked crosswalks, traffic signals, pedestrian presence, nearby amenities, slight incline, wide sidewalks, some traffic","Marked crosswalks, traffic signals, pedestrian presence, nearby amenities, slight incline, wide sidewalks, some traffic. Moderately walkable. 6/10."
image_3446,47.6150284,-122.3303332,50,Central Business District,2022-11-01,3,Slightly walkable,"Steep incline, limited pedestrian space, adjacent waterway, some greenery, urban environment, visible pedestrian, potential safety concerns with the slope","Steep incline, limited pedestrian space, adjacent waterway, some greenery, urban environment, visible pedestrian, potential safety concerns with the slope. Slightly walkable. 3/10."
image_83,47.6135227,-122.3291232,74,Broadway,2022-11-01,9,Extremely walkable,"Wide sidewalk, green spaces, trees and landscaping, visible street signs, no visible obstacles, urban environment with pedestrians and scooters","Wide sidewalk, green spaces, trees and landscaping, visible street signs, no visible obstacles, urban environment with pedestrians and scooters. Extremely walkable. 9/10."
image_28,47.6161267,-122.3313659,46,Denny Triangle,2022-11-01,2,Not at all walkable,"Construction site present, traffic congestion, limited pedestrian space, no visible sidewalks, traffic lights present, urban environment, debris and barriers","Construction site present, traffic congestion, limited pedestrian space, no visible sidewalks, traffic lights present, urban environment, debris and barriers. Not at all walkable. 2/10."
image_53,47.6129514,-122.320631,97,First Hill,2022-10-01,6,Moderately walkable,"Paved sidewalks, nearby businesses, bus stop present, minimal pedestrian activity, flat terrain, parked cars along the road, some street furniture","Paved sidewalks, nearby businesses, bus stop present, minimal pedestrian activity, flat terrain, parked cars along the road, some street furniture. Moderately walkable. 6/10."
image_74,47.5974755,-122.3288679,13,International District,2022-09-01,2,Not at all walkable,"Stairs present, minimal pedestrian path, street proximity, caution signage, urban area, limited spaces for walking","Stairs present, minimal pedestrian path, street proximity, caution signage, urban area, limited spaces for walking. Not at all walkable. 2/10."
image_31,47.6079824,-122.3420353,7,Pike-Market,2022-09-01,1,Not at all walkable,"Heavy construction, numerous barriers, no clear pedestrian path, traffic signals present, obstructed sidewalk","Heavy construction, numerous barriers, no clear pedestrian path, traffic signals present, obstructed sidewalk. Not at all walkable. 1/10."
image_8149,47.5974415,-122.3282254,21,International District,2022-09-01,10,Extremely walkable,"Wide, well-paved walkway, ample greenery, proximity to shops, clear signage, no visible obstacles, well-lit area, urban environment","Wide, well-paved walkway, ample greenery, proximity to shops, clear signage, no visible obstacles, well-lit area, urban environment. Extremely walkable. 10/10."
image_64,47.6008145,-122.3360604,6,Pioneer Square,2022-09-01,4,Slightly walkable,"Obstructed sidewalk due to construction barriers, limited signage, some greenery, urban environment, nearby traffic, potential hazards from blocked paths","Obstructed sidewalk due to construction barriers, limited signage, some greenery, urban environment, nearby traffic, potential hazards from blocked paths. Slightly walkable. 4/10."
image_343,47.6198628,-122.3496638,44,Lower Queen Anne,2022-09-01,1,Not at all walkable,"Lush greenery, dense bushes, no visible pathways or sidewalks, unclear accessibility, only nature present","Lush greenery, dense bushes, no visible pathways or sidewalks, unclear accessibility, only nature present. Not at all walkable. 1/10."
image_470,47.5986553,-122.3259635,18,International District,2022-09-01,9,Extremely walkable,"Open green space, benches and seating available, artistic structure present, nearby pedestrian activity, well-maintained paths, no visible obstructions","Open green space, benches and seating available, artistic structure present, nearby pedestrian activity, well-maintained paths, no visible obstructions. Extremely walkable. 9/10."
image_830,47.602526,-122.3370195,6,Central Business District,2022-09-01,10,Extremely walkable,"Wide pedestrian bridge, safe separation from vehicle traffic, urban scenery, flat terrain, no obstacles, well-maintained path","Wide pedestrian bridge, safe separation from vehicle traffic, urban scenery, flat terrain, no obstacles, well-maintained path. Extremely walkable. 10/10."
image_962,47.6148987,-122.3547915,6,Belltown,2022-09-01,8,Very walkable,"Sidewalk present, nearby cafes, trees, some pedestrian activity, flat terrain, minimal traffic, appealing urban setting with open space","Sidewalk present, nearby cafes, trees, some pedestrian activity, flat terrain, minimal traffic, appealing urban setting with open space. Very walkable. 8/10."
image_3159,47.6087126,-122.340112,29,Pike-Market,2022-09-01,10,Extremely walkable,"Busy pedestrian area, shops and eateries present, ample seating, flat terrain, good visibility, many people, vibrant atmosphere, well-maintained surroundings","Busy pedestrian area, shops and eateries present, ample seating, flat terrain, good visibility, many people, vibrant atmosphere, well-maintained surroundings. Extremely walkable. 10/10."
image_3227,47.6209632,-122.3522192,47,Lower Queen Anne,2022-09-01,7,Very walkable,"Open space, well-maintained landscaping, trees providing shade, flat terrain, no visible obstacles, suitable for walking, potential for gatherings","Open space, well-maintained landscaping, trees providing shade, flat terrain, no visible obstacles, suitable for walking, potential for gatherings. Very walkable. 7/10."
image_260,47.6081165,-122.3417758,7,Pike-Market,2022-09-01,4,Slightly walkable,"Steep stairs, limited accessibility for those with mobility issues, greenery present, urban setting with businesses, some pedestrian space","Steep stairs, limited accessibility for those with mobility issues, greenery present, urban setting with businesses, some pedestrian space. Slightly walkable. 4/10."
image_227,47.6180862,-122.3385856,28,Denny Triangle,2022-08-01,9,Extremely walkable,"Wide and paved sidewalk, greenery, pedestrians present, nearby businesses, marked crosswalks and signals visible, flat terrain, urban setting","Wide and paved sidewalk, greenery, pedestrians present, nearby businesses, marked crosswalks and signals visible, flat terrain, urban setting. Extremely walkable. 9/10."
image_145,47.618628,-122.3422114,31,South Lake Union,2022-08-01,4,Slightly walkable,"Trees providing shade, nearby buildings indicating infrastructure, minimal pedestrian space, cars present on the road, no visible sidewalks or pathways, urban setting","Trees providing shade, nearby buildings indicating infrastructure, minimal pedestrian space, cars present on the road, no visible sidewalks or pathways, urban setting. Slightly walkable. 4/10."
image_122,47.6230801,-122.3370339,16,South Lake Union,2022-08-01,8,Very walkable,"Pedestrians visible, storefront presence, flat terrain, well-maintained environment, urban area with amenities, nearby greenery","Pedestrians visible, storefront presence, flat terrain, well-maintained environment, urban area with amenities, nearby greenery. Very walkable. 8/10."
image_4818,47.6195697,-122.3408068,30,South Lake Union,2022-08-01,10,Extremely walkable,"Open green space, shaded areas under trees, playground equipment, seating available, visible pedestrians, no barriers, flat terrain, recreational appeal","Open green space, shaded areas under trees, playground equipment, seating available, visible pedestrians, no barriers, flat terrain, recreational appeal. Extremely walkable. 10/10."
image_0,47.608058,-122.3181601,94,First Hill,2022-08-01,8,Very walkable,"Wide and paved sidewalks, greenery and landscaping, flat terrain, minimal traffic visible, pedestrians present, urban setting","Wide and paved sidewalks, greenery and landscaping, flat terrain, minimal traffic visible, pedestrians present, urban setting. Very walkable. 8/10."
image_4,47.609318,-122.319385,107,First Hill,2022-08-01,2,Not at all walkable,"Narrow road, limited pedestrian infrastructure, vehicles present, greenery, somewhat secluded area, lacks sidewalks or clear walking paths","Narrow road, limited pedestrian infrastructure, vehicles present, greenery, somewhat secluded area, lacks sidewalks or clear walking paths. Not at all walkable. 2/10."
image_7,47.6182309,-122.3386876,28,Denny Triangle,2022-08-01,8,Very walkable,"Greenery and trees, seating areas present, no visible obstacles, urban environment, nearby street access, some pedestrian features observed","Greenery and trees, seating areas present, no visible obstacles, urban environment, nearby street access, some pedestrian features observed. Very walkable. 8/10."
image_3335,47.6016541,-122.3334446,21,Pioneer Square,2021-12-01,7,Very walkable,"Active storefronts, presence of restaurants, pedestrian-friendly environment, no visible obstructions on the sidewalk, urban setting, inviting entrance, moderate pedestrian appeal","Active storefronts, presence of restaurants, pedestrian-friendly environment, no visible obstructions on the sidewalk, urban setting, inviting entrance, moderate pedestrian appeal. Very walkable. 7/10."
image_109,47.618587,-122.3520553,34,Belltown,2021-12-01,5,Moderately walkable,"Wide sidewalks, some trees for shade, nearby bus stop, visible pedestrians, flat terrain, multiple lanes of traffic present","Wide sidewalks, some trees for shade, nearby bus stop, visible pedestrians, flat terrain, multiple lanes of traffic present. Moderately walkable. 5/10."
image_25,47.6184434,-122.3551418,20,Belltown,2021-12-01,8,Very walkable,"Marked crosswalks, traffic signals, nearby amenities, mixed-use buildings, flat terrain, some trees, urban environment, moderate vehicle presence","Marked crosswalks, traffic signals, nearby amenities, mixed-use buildings, flat terrain, some trees, urban environment, moderate vehicle presence. Very walkable. 8/10."
image_1181,47.6060606,-122.332975,57,Central Business District,2021-12-01,7,Very walkable,"Wide sidewalks, marked crosswalks, traffic signals present, several pedestrians, urban amenities nearby, slight incline, ongoing construction","Wide sidewalks, marked crosswalks, traffic signals present, several pedestrians, urban amenities nearby, slight incline, ongoing construction. Very walkable. 7/10."
image_1005,47.6112039,-122.341731,51,Pike-Market,2021-12-01,3,Slightly walkable,"Narrow pathway, graffiti art on walls, mixed-use buildings, minimal pedestrian space, lack of street amenities","Narrow pathway, graffiti art on walls, mixed-use buildings, minimal pedestrian space, lack of street amenities. Slightly walkable. 3/10."
image_1238,47.6174337,-122.3320904,41,Denny Triangle,2021-12-01,4,Slightly walkable,"Flat terrain, some trees, nearby construction, no visible sidewalks or pedestrian pathways, heavy vehicle presence, limited amenities","Flat terrain, some trees, nearby construction, no visible sidewalks or pedestrian pathways, heavy vehicle presence, limited amenities. Slightly walkable. 4/10."
image_942,47.6188828,-122.3469702,42,South Lake Union,2021-12-01,3,Slightly walkable,"Narrow pathway, potential obstacles, limited pedestrian space, mixed-use buildings, lack of foot traffic, unclear accessibility","Narrow pathway, potential obstacles, limited pedestrian space, mixed-use buildings, lack of foot traffic, unclear accessibility. Slightly walkable. 3/10."
image_238,47.617226,-122.3339753,45,Denny Triangle,2021-12-01,1,Not at all walkable,"No sidewalks visible, parking area only, construction nearby, no pedestrians or amenities shown, limited accessibility","No sidewalks visible, parking area only, construction nearby, no pedestrians or amenities shown, limited accessibility. Not at all walkable. 1/10."
image_869,47.6187029,-122.3567497,12,Lower Queen Anne,2021-12-01,6,Moderately walkable,"Marked traffic signals, trees, nearby businesses, flat terrain, intersecting roads may complicate crossings, some parked cars but good pedestrian visibility","Marked traffic signals, trees, nearby businesses, flat terrain, intersecting roads may complicate crossings, some parked cars but good pedestrian visibility. Moderately walkable. 6/10."
image_127,47.6224513,-122.3480644,43,Lower Queen Anne,2021-12-01,2,Not at all walkable,"Large parking area, minimal pedestrian pathways, no visible sidewalks, limited amenities nearby, lack of activity, few trees for shade","Large parking area, minimal pedestrian pathways, no visible sidewalks, limited amenities nearby, lack of activity, few trees for shade. Not at all walkable. 2/10."
image_13,47.6121511,-122.3402044,56,Belltown,2021-12-01,2,Not at all walkable,"Narrow space, parking garage entrance, minimal pedestrian infrastructure visible, absence of sidewalks, potential hazards from vehicle movements","Narrow space, parking garage entrance, minimal pedestrian infrastructure visible, absence of sidewalks, potential hazards from vehicle movements. Not at all walkable. 2/10."
image_168,47.6152393,-122.3498405,31,Belltown,2021-12-01,4,Slightly walkable,"Moderate incline, limited sidewalks, scattered trees, parked cars, nearby buildings, minimal pedestrian activity","Moderate incline, limited sidewalks, scattered trees, parked cars, nearby buildings, minimal pedestrian activity. Slightly walkable. 4/10."
image_14,47.6134953,-122.3352634,66,Central Business District,2021-12-01,8,Very walkable,"Wide sidewalks, pedestrian signals, nearby shops and cafes, flat terrain, trees present, minimal obstacles","Wide sidewalks, pedestrian signals, nearby shops and cafes, flat terrain, trees present, minimal obstacles. Very walkable. 8/10."
image_38,47.6099967,-122.3403062,40,Pike-Market,2021-12-01,8,Very walkable,"Wide and paved sidewalks, streetlights, nearby shops, some pedestrian activity, flat terrain, minimal obstructions","Wide and paved sidewalks, streetlights, nearby shops, some pedestrian activity, flat terrain, minimal obstructions. Very walkable. 8/10."
image_95,47.6152346,-122.3379884,38,Denny Triangle,2021-12-01,9,Extremely walkable,"Paved sidewalks, nearby shops and cafes, greenery, street lighting, no visible obstacles, urban environment, flat terrain","Paved sidewalks, nearby shops and cafes, greenery, street lighting, no visible obstacles, urban environment, flat terrain. Extremely walkable. 9/10."
image_92,47.6132798,-122.3421972,51,Belltown,2021-12-01,5,Moderately walkable,"Paved sidewalks, some pedestrians, nearby buildings, limited traffic, some street trees, parked delivery vehicle, no visible crosswalks","Paved sidewalks, some pedestrians, nearby buildings, limited traffic, some street trees, parked delivery vehicle, no visible crosswalks. Moderately walkable. 5/10."
image_44,47.6164236,-122.3235469,87,Broadway,2021-12-01,3,Slightly walkable,"Narrow sidewalk, construction activity, parked cars, some greenery, limited pedestrian infrastructure, cluttered environment","Narrow sidewalk, construction activity, parked cars, some greenery, limited pedestrian infrastructure, cluttered environment. Slightly walkable. 3/10."
image_6,47.6045696,-122.331706,40,Central Business District,2021-12-01,5,Moderately walkable,"Marked crosswalks, visible traffic signals, pedestrian presence, slight incline, some street clutter, graffiti present, limited sidewalk space due to obstacles","Marked crosswalks, visible traffic signals, pedestrian presence, slight incline, some street clutter, graffiti present, limited sidewalk space due to obstacles. Moderately walkable. 5/10."
image_670,47.6193221,-122.3527348,36,Lower Queen Anne,2021-12-01,3,Slightly walkable,"Steep incline, limited pedestrian space, signs present, landscaping, presence of vehicles","Steep incline, limited pedestrian space, signs present, landscaping, presence of vehicles. Slightly walkable. 3/10."
image_76,47.614412,-122.3329944,59,Central Business District,2021-12-01,4,Slightly walkable,"Construction zone, obstructed sidewalks, traffic lights present, some pedestrians visible, distracting elements like barriers, uneven pavement","Construction zone, obstructed sidewalks, traffic lights present, some pedestrians visible, distracting elements like barriers, uneven pavement. Slightly walkable. 4/10."
image_67,47.6171603,-122.337045,27,Denny Triangle,2021-12-01,5,Moderately walkable,"Marked crosswalks, flat terrain, nearby businesses and amenities, construction signs indicating potential obstructions, some street trees, moderate vehicle traffic","Marked crosswalks, flat terrain, nearby businesses and amenities, construction signs indicating potential obstructions, some street trees, moderate vehicle traffic. Moderately walkable. 5/10."
image_8,47.605807,-122.3220753,104,Yesler Terrace,2021-11-01,8,Very walkable,"Traffic signals visible, marked crosswalk, wide sidewalks, urban environment, some greenery, moderate car traffic, no visible obstacles","Traffic signals visible, marked crosswalk, wide sidewalks, urban environment, some greenery, moderate car traffic, no visible obstacles. Very walkable. 8/10."
image_225,47.6202114,-122.3551624,28,Lower Queen Anne,2021-08-01,1,Not at all walkable,"Heavy construction, obstructed areas, no visible sidewalks, construction machinery present, minimal pedestrian amenities, industrial setting","Heavy construction, obstructed areas, no visible sidewalks, construction machinery present, minimal pedestrian amenities, industrial setting. Not at all walkable. 1/10."
image_311,47.6185637,-122.337302,29,South Lake Union,2021-08-01,9,Extremely walkable,"Paved sidewalks, nearby shops and restaurants, traffic signals present, greenery, level terrain, pedestrian-friendly environment, no visible obstacles","Paved sidewalks, nearby shops and restaurants, traffic signals present, greenery, level terrain, pedestrian-friendly environment, no visible obstacles. Extremely walkable. 9/10."
image_399,47.6027696,-122.3269381,48,Pioneer Square,2021-08-01,1,Not at all walkable,"Overgrown grass, lack of pedestrian infrastructure, presence of parking structure, minimal visibility, no sidewalks or walkable paths","Overgrown grass, lack of pedestrian infrastructure, presence of parking structure, minimal visibility, no sidewalks or walkable paths. Not at all walkable. 1/10."
image_178,47.6231674,-122.3409452,22,South Lake Union,2021-08-01,6,Moderately walkable,"Paved sidewalks, nearby greenery, mixed-use buildings, minimal pedestrian activity, flat terrain, some street signage visible","Paved sidewalks, nearby greenery, mixed-use buildings, minimal pedestrian activity, flat terrain, some street signage visible. Moderately walkable. 6/10."
image_36,47.6018548,-122.3276557,36,Pioneer Square,2021-08-01,2,Not at all walkable,"Limited pedestrian space, dark underpass, unclear pathways, few amenities visible, and minimal traffic","Limited pedestrian space, dark underpass, unclear pathways, few amenities visible, and minimal traffic. Not at all walkable. 2/10."
image_1166,47.6021216,-122.3349491,15,Pioneer Square,2021-07-01,3,Slightly walkable,"Narrow path, greenery, limited visibility, residential area, no pedestrians visible, potential access obstruction","Narrow path, greenery, limited visibility, residential area, no pedestrians visible, potential access obstruction. Slightly walkable. 3/10."
image_1233,47.6096826,-122.342106,24,Pike-Market,2021-07-01,6,Moderately walkable,"Busy pedestrian area, nearby shops and restaurants, slight incline, some cars parked, vibrant atmosphere, many people walking, textured pavement","Busy pedestrian area, nearby shops and restaurants, slight incline, some cars parked, vibrant atmosphere, many people walking, textured pavement. Moderately walkable. 6/10."
image_956,47.608406,-122.3229041,107,First Hill,2021-07-01,7,Very walkable,"Paved sidewalks, green landscaping, flat terrain, nearby buildings, presence of parked cars, minimal pedestrian traffic visible","Paved sidewalks, green landscaping, flat terrain, nearby buildings, presence of parked cars, minimal pedestrian traffic visible. Very walkable. 7/10."
image_16,47.6001253,-122.3343353,14,Pioneer Square,2021-07-01,8,Very walkable,"Marked crosswalks, traffic signals present, several pedestrians, nearby businesses, flat terrain, urban charm, slight clutter near the curb","Marked crosswalks, traffic signals present, several pedestrians, nearby businesses, flat terrain, urban charm, slight clutter near the curb. Very walkable. 8/10."
image_2770,47.6175376,-122.3202888,104,Broadway,2021-07-01,7,Very walkable,"Paved sidewalks, minimal street traffic, greenery, residential area, well-maintained surroundings, some pedestrian space, no visible obstacles","Paved sidewalks, minimal street traffic, greenery, residential area, well-maintained surroundings, some pedestrian space, no visible obstacles. Very walkable. 7/10."
image_9,47.5966664,-122.322595,18,International District,2021-07-01,5,Moderately walkable,"Marked crosswalks, flat terrain, some trees and greenery, nearby buildings, moderate vehicle presence, sidewalks visible but limited pedestrian activity","Marked crosswalks, flat terrain, some trees and greenery, nearby buildings, moderate vehicle presence, sidewalks visible but limited pedestrian activity. Moderately walkable. 5/10."
image_3316,47.6016979,-122.3209367,76,Yesler Terrace,2021-07-01,7,Very walkable,"Bicycle lanes, landscaped areas, modern buildings, flat terrain, traffic signals present, urban environment, clear pathways for pedestrians, some greenery","Bicycle lanes, landscaped areas, modern buildings, flat terrain, traffic signals present, urban environment, clear pathways for pedestrians, some greenery. Very walkable. 7/10."
image_3736,47.5984358,-122.3249475,28,International District,2021-07-01,7,Very walkable,"Marked crosswalks, presence of businesses, some greenery, flat terrain, side-street environment, moderate traffic, some pedestrian activity, clear stop signs","Marked crosswalks, presence of businesses, some greenery, flat terrain, side-street environment, moderate traffic, some pedestrian activity, clear stop signs. Very walkable. 7/10."
image_6915,47.6017279,-122.3203111,77,Yesler Terrace,2021-07-01,10,Extremely walkable,"Wide sidewalk, nearby tram stop, landscaped areas, modern buildings, flat terrain, accessibility to public transport, clear pathways, vibrant environment","Wide sidewalk, nearby tram stop, landscaped areas, modern buildings, flat terrain, accessibility to public transport, clear pathways, vibrant environment. Extremely walkable. 10/10."
image_602,47.6211508,-122.3328394,37,South Lake Union,2021-07-01,3,Slightly walkable,"Lush greenery, garden space, no visible pedestrian pathways, parked cars, no sidewalks or clear walking routes","Lush greenery, garden space, no visible pedestrian pathways, parked cars, no sidewalks or clear walking routes. Slightly walkable. 3/10. "
image_495,47.6016153,-122.3209361,68,Yesler Terrace,2021-07-01,9,Extremely walkable,"Open green spaces, wide paved paths, pedestrian-friendly environment, nearby amenities visible, multiple pedestrians, good visibility, and traffic signals present","Open green spaces, wide paved paths, pedestrian-friendly environment, nearby amenities visible, multiple pedestrians, good visibility, and traffic signals present. Extremely walkable. 9/10."
image_1376,47.6100241,-122.3210523,114,First Hill,2021-07-01,9,Extremely walkable,"Open green space, well-maintained landscaping, trees for shade, nearby pedestrian activity, accessible sidewalks, flat terrain, good visibility","Open green space, well-maintained landscaping, trees for shade, nearby pedestrian activity, accessible sidewalks, flat terrain, good visibility. Extremely walkable. 9/10."
image_66,47.600137,-122.327563,20,International District,2021-07-01,2,Not at all walkable,"Heavy construction, obstacles present, traffic cones, limited pedestrian space, some traffic signals, uneven terrain, workmen visible, urban environment","Heavy construction, obstacles present, traffic cones, limited pedestrian space, some traffic signals, uneven terrain, workmen visible, urban environment. Not at all walkable. 2/10."
image_347,47.6209368,-122.3477654,46,Lower Queen Anne,2021-07-01,9,Extremely walkable,"Marked crosswalks, pedestrian signals present, wide and paved sidewalks, trees and greenery, presence of other pedestrians, nearby amenities, flat terrain","Marked crosswalks, pedestrian signals present, wide and paved sidewalks, trees and greenery, presence of other pedestrians, nearby amenities, flat terrain. Extremely walkable. 9/10."
image_159,47.61009,-122.3462542,1,Pike-Market,2021-07-01,5,Moderately walkable,"Paved sidewalk, some greenery, nearby amenities, flat terrain, limited pedestrian activity, cars parked close to the sidewalk","Paved sidewalk, some greenery, nearby amenities, flat terrain, limited pedestrian activity, cars parked close to the sidewalk. Moderately walkable. 5/10."
image_47,47.598656,-122.3302338,13,Pioneer Square,2021-07-01,5,Moderately walkable,"Flat terrain, wide pathways, nearby buildings, limited pedestrian space due to vehicle presence, some greenery and planters, urban setting","Flat terrain, wide pathways, nearby buildings, limited pedestrian space due to vehicle presence, some greenery and planters, urban setting. Moderately walkable. 5/10."
image_287,47.6021534,-122.319532,80,Yesler Terrace,2021-07-01,3,Slightly walkable,"Flat terrain, minimal pedestrian infrastructure, some greenery, parked cars, construction in the area, limited sidewalk visibility, sparsely populated","Flat terrain, minimal pedestrian infrastructure, some greenery, parked cars, construction in the area, limited sidewalk visibility, sparsely populated. Slightly walkable. 3/10."
image_81,47.6226806,-122.3310783,34,South Lake Union,2021-07-01,5,Moderately walkable,"Well-maintained greenery, flat terrain, limited visible pedestrian pathways, urban setting, distant buildings suggest possible activity but not prominently visible","Well-maintained greenery, flat terrain, limited visible pedestrian pathways, urban setting, distant buildings suggest possible activity but not prominently visible. Moderately walkable. 5/10."
image_21,47.621481,-122.3220361,103,Broadway,2021-07-01,8,Very walkable,"Flat terrain, trees and greenery, some pedestrian infrastructure visible, limited traffic, residential area, wide sidewalks, no visible obstacles","Flat terrain, trees and greenery, some pedestrian infrastructure visible, limited traffic, residential area, wide sidewalks, no visible obstacles. Very walkable. 8/10."
image_253,47.598169,-122.3331512,13,Pioneer Square,2021-07-01,9,Extremely walkable,"Wide sidewalks, marked crosswalks, nearby seating options, traffic signals present, greenery, urban amenities, no visible obstacles, flat terrain","Wide sidewalks, marked crosswalks, nearby seating options, traffic signals present, greenery, urban amenities, no visible obstacles, flat terrain. Extremely walkable. 9/10."
image_89,47.6176724,-122.3261897,73,Broadway,2021-07-01,2,Not at all walkable,"Steep incline, narrow sidewalk, graffiti, minimal pedestrian amenities, some vegetation, limited visibility","Steep incline, narrow sidewalk, graffiti, minimal pedestrian amenities, some vegetation, limited visibility. Not at all walkable. 2/10."
image_233,47.6147955,-122.3330795,59,Denny Triangle,2021-07-01,1,Not at all walkable,"Heavy construction, traffic cones, limited pedestrian space, obstructed pathways, nearby traffic signals, urban environment, no visible pedestrians","Heavy construction, traffic cones, limited pedestrian space, obstructed pathways, nearby traffic signals, urban environment, no visible pedestrians. Not at all walkable. 1/10."
image_103,47.6105533,-122.3325485,56,Central Business District,2021-07-01,6,Moderately walkable,"Marked crosswalks, pedestrians present, flat terrain, urban area, some construction barriers, visible traffic signs, nearby amenities","Marked crosswalks, pedestrians present, flat terrain, urban area, some construction barriers, visible traffic signs, nearby amenities. Moderately walkable. 6/10. "
image_130,47.6161177,-122.3382523,30,Denny Triangle,2021-07-01,5,Moderately walkable,"Urban setting, nearby amenities, wide sidewalks, some pedestrians, slight incline, parked cars, greenery present","Urban setting, nearby amenities, wide sidewalks, some pedestrians, slight incline, parked cars, greenery present. Moderately walkable. 5/10."
image_3,47.6163758,-122.3234327,87,Broadway,2021-07-01,4,Slightly walkable,"Slight incline, minimal pedestrian infrastructure, parked cars, greenery on the sides, some residential buildings, unpaved area, few visible pedestrians","Slight incline, minimal pedestrian infrastructure, parked cars, greenery on the sides, some residential buildings, unpaved area, few visible pedestrians. Slightly walkable. 4/10."
image_17,47.6134325,-122.3520462,6,Belltown,2021-07-01,6,Moderately walkable,"Traffic lights present, flat terrain, wide road, proximity to waterfront, some pedestrian features visible, minimal pedestrian activity in view","Traffic lights present, flat terrain, wide road, proximity to waterfront, some pedestrian features visible, minimal pedestrian activity in view. Moderately walkable. 6/10."
image_162,47.6157978,-122.3524071,16,Belltown,2021-07-01,6,Moderately walkable,"Paved sidewalks, nearby amenities including residential buildings, trees, marked signage, moderate street conditions, some pedestrian space, limited traffic","Paved sidewalks, nearby amenities including residential buildings, trees, marked signage, moderate street conditions, some pedestrian space, limited traffic. Moderately walkable. 6/10."
image_5800,47.6094793,-122.3310314,78,First Hill,2021-04-01,10,Extremely walkable,"Paved pathways, abundant greenery, no vehicular traffic, clear walking routes, well-maintained landscape, urban park setting, peaceful environment","Paved pathways, abundant greenery, no vehicular traffic, clear walking routes, well-maintained landscape, urban park setting, peaceful environment. Extremely walkable. 10/10."
image_166,47.6106409,-122.3323381,69,Central Business District,2021-04-01,1,Not at all walkable,"Sidewalk closed, construction activity, detour signs present, heavy machinery visible, limited pedestrian access, potential hazards from construction","Sidewalk closed, construction activity, detour signs present, heavy machinery visible, limited pedestrian access, potential hazards from construction. Not at all walkable. 1/10."
image_164,47.6124023,-122.331191,75,Central Business District,2021-04-01,2,Not at all walkable,"Enclosed area, limited visibility, vehicles present, no clear pedestrian path, urban environment, underpass with potential safety concerns","Enclosed area, limited visibility, vehicles present, no clear pedestrian path, urban environment, underpass with potential safety concerns. Not at all walkable. 2/10."
image_291,47.6108626,-122.328811,91,First Hill,2021-04-01,1,Not at all walkable,"No visible sidewalk, dense greenery, unclear pedestrian pathway, lacks urban infrastructure or amenities, residential context","No visible sidewalk, dense greenery, unclear pedestrian pathway, lacks urban infrastructure or amenities, residential context. Not at all walkable. 1/10."
image_32,47.6189022,-122.320341,102,Broadway,2020-04-01,6,Moderately walkable,"Open green space, paved pathways, lighting present, ongoing construction nearby, flat terrain, residential buildings, potential for amenities","Open green space, paved pathways, lighting present, ongoing construction nearby, flat terrain, residential buildings, potential for amenities. Moderately walkable. 6/10."
image_12,47.599568,-122.3196443,48,Yesler Terrace,2019-06-01,4,Slightly walkable,"Steep incline, limited pedestrian infrastructure, mostly residential area, greenery visible, low vehicle traffic","Steep incline, limited pedestrian infrastructure, mostly residential area, greenery visible, low vehicle traffic. Slightly walkable. 4/10."
image_237,47.6091144,-122.3395043,34,Pike-Market,2019-06-01,2,Not at all walkable,"Narrow alley, limited sidewalk space, dumpsters present, no visible pedestrians, urban setting but less appealing","Narrow alley, limited sidewalk space, dumpsters present, no visible pedestrians, urban setting but less appealing. Not at all walkable. 2/10."
image_790,47.5988594,-122.318776,44,International District,2019-06-01,1,Not at all walkable,"Heavy construction, obstructed pathways, fencing around construction site, minimal pedestrian space, no visible amenities or sidewalks, industrial area","Heavy construction, obstructed pathways, fencing around construction site, minimal pedestrian space, no visible amenities or sidewalks, industrial area. Not at all walkable. 1/10."
image_775,47.6209391,-122.3448478,34,South Lake Union,2019-06-01,1,Not at all walkable,"Tunnel environment, no visible sidewalks, vehicles present, lack of pedestrian amenities, no safe crossings visible","Tunnel environment, no visible sidewalks, vehicles present, lack of pedestrian amenities, no safe crossings visible. Not at all walkable. 1/10."
image_1673,47.5979212,-122.3229932,29,International District,2019-05-01,3,Slightly walkable,"Narrow alley, limited pedestrian space, some greenery, potential vehicle traffic, urban environment, minimal appeal due to confined space","Narrow alley, limited pedestrian space, some greenery, potential vehicle traffic, urban environment, minimal appeal due to confined space. Slightly walkable. 3/10."
image_2511,47.6136798,-122.3271328,82,First Hill,2019-05-01,3,Slightly walkable,"Limited visible sidewalk, dense vegetation, parked cars, residential area, no pedestrians visible","Limited visible sidewalk, dense vegetation, parked cars, residential area, no pedestrians visible. Slightly walkable. 3/10."
image_133,47.6175003,-122.3377816,25,Denny Triangle,2019-05-01,4,Slightly walkable,"Limited pedestrian space, no visible sidewalks, nearby construction, urban setting with mixed-use buildings, some greenery, no clear indicators for safety or appeal","Limited pedestrian space, no visible sidewalks, nearby construction, urban setting with mixed-use buildings, some greenery, no clear indicators for safety or appeal. Slightly walkable. 4/10."
image_231,47.6167873,-122.3266819,67,Broadway,2019-05-01,1,Not at all walkable,"Enclosed parking area, no visible sidewalks, overgrown vegetation, no pedestrian access, lack of amenities, no clear pathway","Enclosed parking area, no visible sidewalks, overgrown vegetation, no pedestrian access, lack of amenities, no clear pathway. Not at all walkable. 1/10."
image_35,47.6219695,-122.3177454,106,Broadway,2019-05-01,5,Moderately walkable,"Tree-lined street, designated sidewalks, some vehicle presence, gently sloped terrain, greenery and landscaping, minimal pedestrian activity","Tree-lined street, designated sidewalks, some vehicle presence, gently sloped terrain, greenery and landscaping, minimal pedestrian activity. Moderately walkable. 5/10."
image_97,47.6027246,-122.3243254,75,Yesler Terrace,2019-05-01,1,Not at all walkable,"Heavy vegetation, no visible pathways or sidewalks, steep incline, residential area, limited accessibility, lack of amenities nearby","Heavy vegetation, no visible pathways or sidewalks, steep incline, residential area, limited accessibility, lack of amenities nearby. Not at all walkable. 1/10."
image_45,47.6043014,-122.3203789,102,Yesler Terrace,2019-05-01,2,Not at all walkable,"Limited pedestrian infrastructure, visible parked cars, lack of sidewalks, presence of greenery, slight incline, minimal traffic","Limited pedestrian infrastructure, visible parked cars, lack of sidewalks, presence of greenery, slight incline, minimal traffic. Not at all walkable. 2/10."
image_1265,47.6234326,-122.3187136,107,Broadway,2019-05-01,10,Extremely walkable,"Open green space, well-maintained pathways, trees providing shade, recreational area, gathering spots, no visible obstructions, inviting atmosphere","Open green space, well-maintained pathways, trees providing shade, recreational area, gathering spots, no visible obstructions, inviting atmosphere. Extremely walkable. 10/10."
image_151,47.61167,-122.3470798,21,Belltown,2017-09-01,1,Not at all walkable,"Lack of visible pathway, unclear walking space, proximity to busy road, no pedestrians visible, no sidewalks or crossings shown","Lack of visible pathway, unclear walking space, proximity to busy road, no pedestrians visible, no sidewalks or crossings shown. Not at all walkable. 1/10."
